577,61,2016-10-04 7:59
577,64,2016-10-04 8:25
577,80,2016-10-04 8:59
577,107,2016-10-04 9:32
577,150,2016-10-04 9:59
577,177,2016-10-04 10:26
577,219,2016-10-04 10:59
577,247,2016-10-04 11:25
577,259,2016-10-04 11:59
577,266,2016-10-04 12:29
577,269,2016-10-04 13:02
577,263,2016-10-04 13:29
577,238,2016-10-04 14:02
577,215,2016-10-04 14:29
577,192,2016-10-04 14:57
577,165,2016-10-04 15:30
577,162,2016-10-04 16:04
577,143,2016-10-04 16:31
577,54,2016-10-05 7:57
577,59,2016-10-05 8:30
577,71,2016-10-05 9:04
577,83,2016-10-05 9:30
577,114,2016-10-05 10:04
577,128,2016-10-05 10:30
577,148,2016-10-05 11:04
577,162,2016-10-05 11:30
577,178,2016-10-05 12:04
577,183,2016-10-05 12:30
577,175,2016-10-05 12:57
577,179,2016-10-05 13:30
577,174,2016-10-05 13:57
577,158,2016-10-05 14:30
577,145,2016-10-05 14:57
577,129,2016-10-05 15:30
577,121,2016-10-05 16:04
577,114,2016-10-05 16:30
577,58,2016-10-06 7:57
577,63,2016-10-06 8:30
577,70,2016-10-06 8:57
577,95,2016-10-06 9:30
577,135,2016-10-06 10:03
577,160,2016-10-06 10:30
577,177,2016-10-06 10:57
577,191,2016-10-06 11:30
577,199,2016-10-06 12:04
577,206,2016-10-06 12:30
577,198,2016-10-06 12:57
577,208,2016-10-06 13:30
577,200,2016-10-06 13:57
577,175,2016-10-06 14:30
577,158,2016-10-06 15:04
577,153,2016-10-06 15:31
577,135,2016-10-06 16:04
577,129,2016-10-06 16:30
577,58,2016-10-07 8:03
577,61,2016-10-07 8:30
577,75,2016-10-07 9:04
577,103,2016-10-07 9:30
577,128,2016-10-07 9:57
577,172,2016-10-07 10:30
577,188,2016-10-07 10:57
577,199,2016-10-07 11:30
577,210,2016-10-07 12:03
577,206,2016-10-07 12:30
577,200,2016-10-07 13:04
577,201,2016-10-07 13:30
577,193,2016-10-07 14:03
577,181,2016-10-07 14:30
577,172,2016-10-07 15:04
577,159,2016-10-07 15:30
577,158,2016-10-07 15:57
577,132,2016-10-07 16:30
577,58,2016-10-08 7:57
577,61,2016-10-08 8:30
577,75,2016-10-08 8:57
577,104,2016-10-08 9:30
577,158,2016-10-08 10:04
577,191,2016-10-08 10:30
577,223,2016-10-08 10:57
577,254,2016-10-08 11:30
577,306,2016-10-08 12:04
577,320,2016-10-08 12:30
577,348,2016-10-08 13:04
577,357,2016-10-08 13:30
577,395,2016-10-08 14:03
577,400,2016-10-08 14:30
577,395,2016-10-08 14:57
577,406,2016-10-08 15:30
577,381,2016-10-08 16:04
577,365,2016-10-08 16:30
577,42,2016-10-09 8:04
577,42,2016-10-09 8:30
577,43,2016-10-09 9:04
577,43,2016-10-09 9:30
577,50,2016-10-09 9:57
577,64,2016-10-09 10:30
577,100,2016-10-09 11:04
577,126,2016-10-09 11:30
577,148,2016-10-09 11:57
577,170,2016-10-09 12:30
577,189,2016-10-09 13:04
577,205,2016-10-09 13:30
577,208,2016-10-09 14:03
577,209,2016-10-09 14:30
577,191,2016-10-09 15:04
577,180,2016-10-09 15:30
577,155,2016-10-09 16:03
577,133,2016-10-09 16:30
577,54,2016-10-10 8:04
577,56,2016-10-10 8:30
577,65,2016-10-10 9:04
577,73,2016-10-10 9:30
577,92,2016-10-10 10:03
577,113,2016-10-10 10:30
577,144,2016-10-10 10:57
577,149,2016-10-10 11:30
577,159,2016-10-10 11:57
577,171,2016-10-10 12:30
577,176,2016-10-10 13:04
577,172,2016-10-10 13:30
577,161,2016-10-10 14:03
577,154,2016-10-10 14:30
577,137,2016-10-10 14:57
577,129,2016-10-10 15:30
577,130,2016-10-10 15:57
577,114,2016-10-10 16:30
577,56,2016-10-11 8:04
577,64,2016-10-11 8:30
577,74,2016-10-11 8:57
577,93,2016-10-11 9:30
577,129,2016-10-11 9:57
577,167,2016-10-11 10:30
577,200,2016-10-11 10:57
577,219,2016-10-11 11:30
577,225,2016-10-11 12:03
577,221,2016-10-11 12:30
577,217,2016-10-11 13:04
577,217,2016-10-11 13:31
577,208,2016-10-11 14:04
577,191,2016-10-11 14:30
577,167,2016-10-11 15:03
577,159,2016-10-11 15:33
577,150,2016-10-11 16:01
577,127,2016-10-11 16:26
577,51,2016-10-12 8:04
577,57,2016-10-12 8:31
577,64,2016-10-12 9:03
577,73,2016-10-12 9:26
577,99,2016-10-12 10:01
577,112,2016-10-12 10:31
577,127,2016-10-12 11:04
577,128,2016-10-12 11:31
577,143,2016-10-12 12:04
577,158,2016-10-12 12:31
577,157,2016-10-12 13:04
577,164,2016-10-12 13:34
577,167,2016-10-12 14:03
577,159,2016-10-12 14:34
577,140,2016-10-12 15:01
577,128,2016-10-12 15:30
577,121,2016-10-12 15:57
577,111,2016-10-12 16:31
577,58,2016-10-13 7:57
577,65,2016-10-13 8:31
577,76,2016-10-13 9:04
577,97,2016-10-13 9:31
577,127,2016-10-13 9:57
577,166,2016-10-13 10:31
577,200,2016-10-13 11:04
577,220,2016-10-13 11:31
577,230,2016-10-13 11:57
577,231,2016-10-13 12:31
577,214,2016-10-13 13:04
577,203,2016-10-13 13:31
577,205,2016-10-13 13:57
577,181,2016-10-13 14:31
577,162,2016-10-13 15:04
577,144,2016-10-13 15:31
577,132,2016-10-13 16:04
577,130,2016-10-13 16:31
577,53,2016-10-14 8:01
577,57,2016-10-14 8:27
577,67,2016-10-14 9:01
577,100,2016-10-14 9:27
577,134,2016-10-14 10:01
577,157,2016-10-14 10:27
577,205,2016-10-14 11:01
577,220,2016-10-14 11:27
577,224,2016-10-14 12:01
577,213,2016-10-14 12:27
577,205,2016-10-14 13:01
577,201,2016-10-14 13:27
577,182,2016-10-14 14:01
577,174,2016-10-14 14:34
577,171,2016-10-14 15:01
577,161,2016-10-14 15:27
577,138,2016-10-14 16:01
577,134,2016-10-14 16:34
577,53,2016-10-15 8:01
577,63,2016-10-15 8:34
577,77,2016-10-15 9:01
577,101,2016-10-15 9:27
577,154,2016-10-15 10:01
577,171,2016-10-15 10:27
577,211,2016-10-15 11:01
577,239,2016-10-15 11:27
577,276,2016-10-15 12:01
577,297,2016-10-15 12:27
577,332,2016-10-15 13:01
577,352,2016-10-15 13:34
577,391,2016-10-15 14:01
577,409,2016-10-15 14:27
577,442,2016-10-15 15:01
577,428,2016-10-15 15:27
577,412,2016-10-15 16:01
577,393,2016-10-15 16:27
577,48,2016-10-16 8:04
577,48,2016-10-16 8:27
577,55,2016-10-16 9:01
577,57,2016-10-16 9:27
577,57,2016-10-16 10:04
577,56,2016-10-16 10:34
577,56,2016-10-16 11:01
577,56,2016-10-16 11:27
577,65,2016-10-16 12:01
577,105,2016-10-16 12:27
577,131,2016-10-16 13:01
577,146,2016-10-16 13:27
577,170,2016-10-16 14:01
577,180,2016-10-16 14:27
577,192,2016-10-16 15:01
577,185,2016-10-16 15:31
577,173,2016-10-16 15:57
577,154,2016-10-16 16:31
577,50,2016-10-17 8:01
577,54,2016-10-17 8:27
577,66,2016-10-17 9:01
577,76,2016-10-17 9:27
577,112,2016-10-17 10:04
577,119,2016-10-17 10:31
577,144,2016-10-17 11:04
577,153,2016-10-17 11:31
577,159,2016-10-17 12:04
577,154,2016-10-17 12:31
577,154,2016-10-17 12:57
577,157,2016-10-17 13:31
577,161,2016-10-17 14:04
577,147,2016-10-17 14:31
577,133,2016-10-17 14:57
577,121,2016-10-17 15:31
577,115,2016-10-17 15:57
577,110,2016-10-17 16:28
577,57,2016-10-18 8:01
577,60,2016-10-18 8:28
577,72,2016-10-18 9:01
577,91,2016-10-18 9:28
577,145,2016-10-18 10:01
577,178,2016-10-18 10:28
577,220,2016-10-18 11:01
577,228,2016-10-18 11:27
577,231,2016-10-18 12:01
577,224,2016-10-18 12:27
577,237,2016-10-18 13:01
577,227,2016-10-18 13:28
577,226,2016-10-18 13:54
577,200,2016-10-18 14:27
577,165,2016-10-18 15:01
577,157,2016-10-18 15:27
577,149,2016-10-18 15:55
577,124,2016-10-18 16:27
577,49,2016-10-19 8:05
577,51,2016-10-19 8:25
577,59,2016-10-19 8:58
577,76,2016-10-19 9:32
577,105,2016-10-19 9:58
577,135,2016-10-19 10:25
577,156,2016-10-19 10:59
577,177,2016-10-19 11:25
577,181,2016-10-19 11:59
577,171,2016-10-19 12:25
577,165,2016-10-19 12:58
577,167,2016-10-19 13:25
577,161,2016-10-19 13:58
577,156,2016-10-19 14:32
577,144,2016-10-19 14:58
577,127,2016-10-19 15:32
577,117,2016-10-19 15:59
577,110,2016-10-19 16:25
577,57,2016-10-22 7:59
577,59,2016-10-22 8:26
577,72,2016-10-22 8:59
577,93,2016-10-22 9:26
577,130,2016-10-22 9:59
577,156,2016-10-22 10:26
577,198,2016-10-22 10:59
577,239,2016-10-22 11:32
577,261,2016-10-22 11:59
577,324,2016-10-22 12:32
577,359,2016-10-22 12:59
577,380,2016-10-22 13:32
577,408,2016-10-22 13:59
577,430,2016-10-22 14:39
577,424,2016-10-22 14:59
577,403,2016-10-22 15:26
577,384,2016-10-22 15:59
577,340,2016-10-22 16:26
577,47,2016-10-23 7:59
577,48,2016-10-23 8:26
577,51,2016-10-23 8:59
577,50,2016-10-23 9:26
577,54,2016-10-23 9:59
577,60,2016-10-23 10:26
577,80,2016-10-23 10:59
577,107,2016-10-23 11:26
577,125,2016-10-23 11:59
577,144,2016-10-23 12:26
577,175,2016-10-23 13:06
577,192,2016-10-23 13:26
577,215,2016-10-23 13:59
577,226,2016-10-23 14:26
577,219,2016-10-23 14:59
577,215,2016-10-23 15:26
577,179,2016-10-23 15:59
577,150,2016-10-23 16:26
577,47,2016-10-24 7:56
577,55,2016-10-24 8:29
577,62,2016-10-24 9:03
577,73,2016-10-24 9:30
577,87,2016-10-24 9:55
577,114,2016-10-24 10:30
577,137,2016-10-24 11:03
577,155,2016-10-24 11:29
577,173,2016-10-24 12:02
577,191,2016-10-24 12:30
577,198,2016-10-24 12:56
577,208,2016-10-24 13:30
577,219,2016-10-24 13:56
577,215,2016-10-24 14:30
577,209,2016-10-24 14:56
577,209,2016-10-24 15:32
577,192,2016-10-24 16:00
577,175,2016-10-24 16:33
577,54,2016-10-25 8:00
577,55,2016-10-25 8:26
577,82,2016-10-25 9:00
577,95,2016-10-25 9:19
577,129,2016-10-25 9:56
577,173,2016-10-25 10:29
577,202,2016-10-25 10:56
577,249,2016-10-25 11:29
577,290,2016-10-25 12:02
577,303,2016-10-25 12:29
577,331,2016-10-25 13:03
577,345,2016-10-25 13:29
577,363,2016-10-25 13:56
577,365,2016-10-25 14:29
577,340,2016-10-25 15:02
577,302,2016-10-25 15:29
577,273,2016-10-25 15:56
577,226,2016-10-25 16:29
577,56,2016-10-26 7:59
577,63,2016-10-26 8:32
577,70,2016-10-26 8:59
577,87,2016-10-26 9:26
577,108,2016-10-26 9:59
577,125,2016-10-26 10:26
577,159,2016-10-26 10:59
577,182,2016-10-26 11:26
577,198,2016-10-26 11:59
577,205,2016-10-26 12:26
577,231,2016-10-26 12:59
577,244,2016-10-26 13:26
577,260,2016-10-26 13:59
577,267,2016-10-26 14:26
577,252,2016-10-26 14:59
577,238,2016-10-26 15:26
577,212,2016-10-26 15:59
577,180,2016-10-26 16:32
577,54,2016-10-27 7:59
577,60,2016-10-27 8:32
577,69,2016-10-27 8:59
577,90,2016-10-27 9:32
577,102,2016-10-27 9:59
577,117,2016-10-27 10:25
577,160,2016-10-27 10:59
577,189,2016-10-27 11:32
577,207,2016-10-27 11:59
577,222,2016-10-27 12:26
577,247,2016-10-27 12:59
577,271,2016-10-27 13:32
577,279,2016-10-27 13:59
577,280,2016-10-27 14:26
577,266,2016-10-27 14:59
577,263,2016-10-27 15:26
577,241,2016-10-27 15:59
577,225,2016-10-27 16:26
577,57,2016-10-28 8:16
577,57,2016-10-28 8:16
577,69,2016-10-28 8:56
577,99,2016-10-28 9:29
577,135,2016-10-28 10:02
577,171,2016-10-28 10:29
577,196,2016-10-28 10:56
577,230,2016-10-28 11:29
577,262,2016-10-28 12:02
577,269,2016-10-28 12:29
577,266,2016-10-28 13:02
577,275,2016-10-28 13:29
577,296,2016-10-28 14:02
577,290,2016-10-28 14:29
577,282,2016-10-28 15:02
577,269,2016-10-28 15:29
577,256,2016-10-28 16:02
577,220,2016-10-28 16:29
577,51,2016-10-29 7:59
577,56,2016-10-29 8:26
577,66,2016-10-29 8:59
577,91,2016-10-29 9:26
577,124,2016-10-29 9:59
577,164,2016-10-29 10:26
577,213,2016-10-29 10:59
577,267,2016-10-29 11:25
577,314,2016-10-29 12:06
577,339,2016-10-29 12:26
577,338,2016-10-29 12:59
577,368,2016-10-29 13:26
577,366,2016-10-29 13:59
577,374,2016-10-29 14:26
577,414,2016-10-29 14:59
577,417,2016-10-29 15:26
577,417,2016-10-29 15:59
577,369,2016-10-29 16:26
577,43,2016-10-30 7:59
577,43,2016-10-30 7:59
577,43,2016-10-30 7:59
577,44,2016-10-30 8:25
577,45,2016-10-30 8:59
577,44,2016-10-30 9:25
577,47,2016-10-30 9:59
577,61,2016-10-30 10:25
577,84,2016-10-30 10:59
577,107,2016-10-30 11:25
577,122,2016-10-30 11:59
577,142,2016-10-30 12:26
577,169,2016-10-30 13:06
577,177,2016-10-30 13:25
577,182,2016-10-30 13:59
577,183,2016-10-30 14:32
577,157,2016-10-30 15:00
577,147,2016-10-30 15:32
577,49,2016-10-31 8:00
577,58,2016-10-31 8:26
577,67,2016-10-31 9:00
577,92,2016-10-31 9:26
577,111,2016-10-31 10:00
577,129,2016-10-31 10:26
577,166,2016-10-31 11:00
577,178,2016-10-31 11:26
577,198,2016-10-31 12:00
577,199,2016-10-31 12:26
577,198,2016-10-31 13:00
577,201,2016-10-31 13:26
577,189,2016-10-31 13:59
577,185,2016-10-31 14:26
577,160,2016-10-31 15:00
577,141,2016-10-31 15:27
577,130,2016-10-31 16:00
577,121,2016-10-31 16:26
577,50,2016-11-01 8:06
577,54,2016-11-01 8:26
577,69,2016-11-01 9:00
577,91,2016-11-01 9:26
577,135,2016-11-01 10:00
577,163,2016-11-01 10:26
577,185,2016-11-01 11:00
577,207,2016-11-01 11:26
577,239,2016-11-01 12:00
577,244,2016-11-01 12:26
577,243,2016-11-01 13:00
577,241,2016-11-01 13:26
577,229,2016-11-01 14:00
577,199,2016-11-01 14:26
577,180,2016-11-01 15:00
577,167,2016-11-01 15:27
577,153,2016-11-01 16:00
577,133,2016-11-01 16:33
577,50,2016-11-02 7:56
577,52,2016-11-02 8:30
577,57,2016-11-02 8:56
577,81,2016-11-02 9:30
577,97,2016-11-02 9:56
577,125,2016-11-02 10:29
577,144,2016-11-02 10:56
577,167,2016-11-02 11:30
577,169,2016-11-02 11:56
577,184,2016-11-02 12:30
577,192,2016-11-02 13:03
577,188,2016-11-02 13:30
577,188,2016-11-02 14:03
577,171,2016-11-02 14:30
577,153,2016-11-02 14:56
577,130,2016-11-02 15:29
577,125,2016-11-02 16:03
577,115,2016-11-02 16:30
577,51,2016-11-03 8:00
577,56,2016-11-03 8:26
577,60,2016-11-03 9:00
577,80,2016-11-03 9:26
577,119,2016-11-03 10:00
577,138,2016-11-03 10:26
577,185,2016-11-03 11:00
577,195,2016-11-03 11:26
577,195,2016-11-03 12:00
577,191,2016-11-03 12:26
577,196,2016-11-03 12:59
577,191,2016-11-03 13:26
577,187,2016-11-03 13:59
577,177,2016-11-03 14:26
577,154,2016-11-03 15:00
577,142,2016-11-03 15:26
577,120,2016-11-03 16:03
577,108,2016-11-03 16:30
577,48,2016-11-04 8:00
577,56,2016-11-04 8:26
577,71,2016-11-04 8:59
577,97,2016-11-04 9:33
577,115,2016-11-04 10:00
577,135,2016-11-04 10:26
577,154,2016-11-04 11:00
577,179,2016-11-04 11:33
577,183,2016-11-04 12:00
577,182,2016-11-04 12:33
577,171,2016-11-04 13:00
577,173,2016-11-04 13:26
577,179,2016-11-04 13:59
577,167,2016-11-04 14:26
577,156,2016-11-04 15:00
577,145,2016-11-04 15:26
577,136,2016-11-04 16:00
577,119,2016-11-04 16:26
577,43,2016-11-05 8:00
577,48,2016-11-05 8:26
577,59,2016-11-05 8:59
577,90,2016-11-05 9:26
577,135,2016-11-05 9:59
577,181,2016-11-05 10:33
577,224,2016-11-05 10:59
577,243,2016-11-05 11:26
577,278,2016-11-05 12:06
577,288,2016-11-05 12:26
577,331,2016-11-05 13:00
577,351,2016-11-05 13:33
577,361,2016-11-05 13:59
577,346,2016-11-05 14:26
577,369,2016-11-05 15:00
577,390,2016-11-05 15:26
577,368,2016-11-05 16:00
577,340,2016-11-05 16:26
577,35,2016-11-06 8:00
577,35,2016-11-06 8:26
577,36,2016-11-06 9:00
577,39,2016-11-06 9:33
577,46,2016-11-06 10:00
577,53,2016-11-06 10:26
577,77,2016-11-06 10:59
577,96,2016-11-06 11:26
577,124,2016-11-06 11:59
577,153,2016-11-06 12:26
577,178,2016-11-06 13:06
577,188,2016-11-06 13:26
577,216,2016-11-06 13:59
577,225,2016-11-06 14:33
577,211,2016-11-06 15:00
577,188,2016-11-06 15:26
577,163,2016-11-06 15:59
577,130,2016-11-06 16:26
577,30,2016-11-07 8:00
577,38,2016-11-07 8:26
577,49,2016-11-07 8:59
577,61,2016-11-07 9:26
577,87,2016-11-07 9:59
577,110,2016-11-07 10:26
577,142,2016-11-07 10:59
577,157,2016-11-07 11:26
577,157,2016-11-07 11:59
577,160,2016-11-07 12:26
577,154,2016-11-07 12:59
577,161,2016-11-07 13:33
577,162,2016-11-07 13:59
577,156,2016-11-07 14:33
577,148,2016-11-07 15:00
577,124,2016-11-07 15:33
577,119,2016-11-07 16:00
577,118,2016-11-07 16:33
577,34,2016-11-08 7:59
577,36,2016-11-08 8:26
577,46,2016-11-08 8:59
577,68,2016-11-08 9:26
577,112,2016-11-08 9:59
577,150,2016-11-08 10:33
577,178,2016-11-08 11:00
577,196,2016-11-08 11:33
577,236,2016-11-08 11:59
577,250,2016-11-08 12:27
577,253,2016-11-08 13:00
577,237,2016-11-08 13:34
577,223,2016-11-08 14:00
577,196,2016-11-08 14:26
577,163,2016-11-08 15:00
577,144,2016-11-08 15:33
577,127,2016-11-08 16:01
577,106,2016-11-08 16:34
577,32,2016-11-09 8:00
577,37,2016-11-09 8:27
577,43,2016-11-09 9:00
577,61,2016-11-09 9:34
577,88,2016-11-09 10:00
577,107,2016-11-09 10:27
577,130,2016-11-09 11:00
577,151,2016-11-09 11:27
577,152,2016-11-09 12:00
577,160,2016-11-09 12:27
577,172,2016-11-09 13:00
577,172,2016-11-09 13:27
577,163,2016-11-09 14:00
577,152,2016-11-09 14:27
577,134,2016-11-09 15:00
577,124,2016-11-09 15:34
577,108,2016-11-09 16:00
577,94,2016-11-09 16:34
577,36,2016-11-10 8:00
577,41,2016-11-10 8:34
577,49,2016-11-10 9:00
577,65,2016-11-10 9:27
577,93,2016-11-10 10:00
577,126,2016-11-10 10:27
577,160,2016-11-10 11:00
577,186,2016-11-10 11:27
577,201,2016-11-10 12:00
577,208,2016-11-10 12:27
577,208,2016-11-10 13:00
577,200,2016-11-10 13:34
577,201,2016-11-10 14:00
577,190,2016-11-10 14:27
577,162,2016-11-10 15:00
577,153,2016-11-10 15:27
577,147,2016-11-10 16:00
577,136,2016-11-10 16:27
577,39,2016-11-11 8:00
577,42,2016-11-11 8:27
577,63,2016-11-11 9:00
577,82,2016-11-11 9:27
577,122,2016-11-11 10:00
577,147,2016-11-11 10:27
577,169,2016-11-11 11:00
577,191,2016-11-11 11:27
577,188,2016-11-11 12:00
577,178,2016-11-11 12:27
577,164,2016-11-11 13:00
577,166,2016-11-11 13:34
577,170,2016-11-11 14:00
577,161,2016-11-11 14:27
577,162,2016-11-11 15:00
577,142,2016-11-11 15:34
577,138,2016-11-11 16:00
577,124,2016-11-11 16:34
577,33,2016-11-12 8:00
577,37,2016-11-12 8:27
577,50,2016-11-12 9:00
577,73,2016-11-12 9:27
577,124,2016-11-12 10:00
577,159,2016-11-12 10:27
577,212,2016-11-12 11:00
577,251,2016-11-12 11:34
577,291,2016-11-12 12:00
577,306,2016-11-12 12:27
577,321,2016-11-12 13:00
577,341,2016-11-12 13:27
577,383,2016-11-12 14:00
577,416,2016-11-12 14:27
577,449,2016-11-12 15:00
577,442,2016-11-12 15:27
577,418,2016-11-12 16:00
577,356,2016-11-12 16:34
577,23,2016-11-13 8:00
577,24,2016-11-13 8:27
577,27,2016-11-13 9:00
577,28,2016-11-13 9:34
577,32,2016-11-13 10:00
577,46,2016-11-13 10:33
577,69,2016-11-13 11:00
577,95,2016-11-13 11:27
577,128,2016-11-13 12:00
577,154,2016-11-13 12:27
577,191,2016-11-13 13:07
577,204,2016-11-13 13:33
577,220,2016-11-13 14:00
577,233,2016-11-13 14:27
577,220,2016-11-13 15:00
577,205,2016-11-13 15:27
577,170,2016-11-13 16:00
577,133,2016-11-13 16:27
577,31,2016-11-14 8:00
577,36,2016-11-14 8:33
577,42,2016-11-14 9:00
577,61,2016-11-14 9:27
577,85,2016-11-14 10:00
577,99,2016-11-14 10:27
577,129,2016-11-14 11:00
577,135,2016-11-14 11:27
577,158,2016-11-14 12:00
577,154,2016-11-14 12:27
577,163,2016-11-14 13:00
577,152,2016-11-14 13:27
577,143,2016-11-14 14:00
577,126,2016-11-14 14:33
577,121,2016-11-14 15:00
577,113,2016-11-14 15:27
577,103,2016-11-14 16:00
577,89,2016-11-14 16:27
577,32,2016-11-15 7:57
577,38,2016-11-15 8:30
577,47,2016-11-15 8:57
577,79,2016-11-15 9:30
577,113,2016-11-15 9:57
577,171,2016-11-15 10:30
577,209,2016-11-15 11:03
577,226,2016-11-15 11:30
577,227,2016-11-15 11:57
577,222,2016-11-15 12:30
577,230,2016-11-15 12:57
577,233,2016-11-15 13:30
577,248,2016-11-15 14:03
577,216,2016-11-15 14:30
577,170,2016-11-15 15:03
577,158,2016-11-15 15:30
577,136,2016-11-15 15:57
577,114,2016-11-15 16:30
577,38,2016-11-16 8:00
577,40,2016-11-16 8:27
577,54,2016-11-16 9:00
577,64,2016-11-16 9:27
577,99,2016-11-16 10:00
577,129,2016-11-16 10:33
577,149,2016-11-16 11:00
577,163,2016-11-16 11:27
577,174,2016-11-16 12:00
577,172,2016-11-16 12:27
577,176,2016-11-16 13:00
577,187,2016-11-16 13:27
577,182,2016-11-16 14:00
577,181,2016-11-16 14:27
577,159,2016-11-16 15:00
577,145,2016-11-16 15:33
577,140,2016-11-16 16:00
577,125,2016-11-16 16:33
577,34,2016-11-17 8:04
577,38,2016-11-17 8:31
577,51,2016-11-17 9:03
577,69,2016-11-17 9:31
577,108,2016-11-17 9:57
577,146,2016-11-17 10:31
577,182,2016-11-17 11:04
577,186,2016-11-17 11:31
577,209,2016-11-17 12:04
577,210,2016-11-17 12:31
577,214,2016-11-17 13:04
577,212,2016-11-17 13:31
577,193,2016-11-17 14:04
577,175,2016-11-17 14:30
577,150,2016-11-17 14:58
577,136,2016-11-17 15:30
577,130,2016-11-17 15:58
577,114,2016-11-17 16:31
577,35,2016-11-18 8:01
577,35,2016-11-18 8:01
577,37,2016-11-18 8:27
577,73,2016-11-18 9:27
577,117,2016-11-18 10:01
577,157,2016-11-18 10:27
577,194,2016-11-18 11:01
577,197,2016-11-18 11:34
577,205,2016-11-18 12:01
577,193,2016-11-18 12:27
577,201,2016-11-18 13:01
577,217,2016-11-18 13:34
577,213,2016-11-18 14:01
577,196,2016-11-18 14:28
577,168,2016-11-18 15:01
577,164,2016-11-18 15:28
577,154,2016-11-18 16:01
577,140,2016-11-18 16:28
577,29,2016-11-19 7:57
577,34,2016-11-19 8:31
577,51,2016-11-19 8:57
577,102,2016-11-19 9:31
577,152,2016-11-19 10:04
577,196,2016-11-19 10:31
577,235,2016-11-19 10:58
577,269,2016-11-19 11:31
577,293,2016-11-19 12:04
577,340,2016-11-19 12:31
577,400,2016-11-19 13:04
577,429,2016-11-19 13:31
577,492,2016-11-19 14:04
577,473,2016-11-19 14:31
577,482,2016-11-19 15:04
577,489,2016-11-19 15:31
577,452,2016-11-19 16:04
577,431,2016-11-19 16:31
577,20,2016-11-20 8:01
577,22,2016-11-20 8:27
577,21,2016-11-20 9:01
577,24,2016-11-20 9:27
577,28,2016-11-20 10:01
577,44,2016-11-20 10:27
577,95,2016-11-20 11:01
577,128,2016-11-20 11:27
577,163,2016-11-20 12:01
577,194,2016-11-20 12:34
577,246,2016-11-20 13:07
577,268,2016-11-20 13:27
577,307,2016-11-20 14:01
577,309,2016-11-20 14:27
577,290,2016-11-20 15:01
577,276,2016-11-20 15:27
577,231,2016-11-20 16:01
577,180,2016-11-20 16:31
577,26,2016-11-21 8:04
577,32,2016-11-21 8:31
577,39,2016-11-21 9:04
577,54,2016-11-21 9:31
577,78,2016-11-21 10:04
577,92,2016-11-21 10:31
577,99,2016-11-21 11:04
577,115,2016-11-21 11:30
577,122,2016-11-21 11:57
577,136,2016-11-21 12:31
577,146,2016-11-21 12:57
577,147,2016-11-21 13:31
577,138,2016-11-21 14:04
577,119,2016-11-21 14:31
577,111,2016-11-21 14:57
577,98,2016-11-21 15:31
577,93,2016-11-21 15:57
577,83,2016-11-21 16:31
577,24,2016-11-22 7:57
577,32,2016-11-22 8:31
577,45,2016-11-22 9:04
577,66,2016-11-22 9:31
577,116,2016-11-22 10:04
577,154,2016-11-22 10:31
577,188,2016-11-22 11:04
577,209,2016-11-22 11:31
577,228,2016-11-22 12:04
577,232,2016-11-22 12:31
577,234,2016-11-22 12:57
577,234,2016-11-22 13:31
577,227,2016-11-22 13:57
577,205,2016-11-22 14:31
577,175,2016-11-22 14:57
577,160,2016-11-22 15:31
577,137,2016-11-22 15:57
577,122,2016-11-22 16:30
577,28,2016-11-23 8:04
577,29,2016-11-23 8:30
577,34,2016-11-23 8:57
577,47,2016-11-23 9:31
577,72,2016-11-23 10:04
577,100,2016-11-23 10:31
577,128,2016-11-23 11:04
577,152,2016-11-23 11:31
577,166,2016-11-23 11:57
577,177,2016-11-23 12:31
577,187,2016-11-23 13:04
577,181,2016-11-23 13:31
577,177,2016-11-23 13:57
577,150,2016-11-23 14:30
577,126,2016-11-23 15:04
577,119,2016-11-23 15:31
577,102,2016-11-23 16:04
577,92,2016-11-23 16:30
577,32,2016-11-24 8:00
577,34,2016-11-24 8:27
577,52,2016-11-24 9:00
577,81,2016-11-24 9:34
577,110,2016-11-24 10:01
577,131,2016-11-24 10:27
577,167,2016-11-24 11:00
577,187,2016-11-24 11:27
577,200,2016-11-24 12:00
577,211,2016-11-24 12:30
577,230,2016-11-24 13:04
577,219,2016-11-24 13:30
577,214,2016-11-24 13:57
577,194,2016-11-24 14:30
577,176,2016-11-24 14:57
577,157,2016-11-24 15:31
577,147,2016-11-24 15:57
577,134,2016-11-24 16:31
577,44,2016-11-25 8:00
577,44,2016-11-25 8:00
577,60,2016-11-25 9:00
577,106,2016-11-25 9:27
577,222,2016-11-25 10:00
577,283,2016-11-25 10:27
577,331,2016-11-25 11:00
577,370,2016-11-25 11:27
577,380,2016-11-25 12:00
577,390,2016-11-25 12:34
577,386,2016-11-25 13:00
577,384,2016-11-25 13:27
577,357,2016-11-25 14:00
577,355,2016-11-25 14:34
577,341,2016-11-25 15:00
577,333,2016-11-25 15:27
577,264,2016-11-25 16:00
577,248,2016-11-25 16:27
577,39,2016-11-26 8:01
577,41,2016-11-26 8:28
577,59,2016-11-26 9:01
577,111,2016-11-26 9:35
577,160,2016-11-26 10:01
577,195,2016-11-26 10:35
577,247,2016-11-26 11:01
577,298,2016-11-26 11:28
577,368,2016-11-26 12:01
577,428,2016-11-26 12:28
577,489,2016-11-26 13:01
577,508,2016-11-26 13:28
577,551,2016-11-26 14:01
577,573,2016-11-26 14:41
577,567,2016-11-26 15:01
577,551,2016-11-26 15:28
577,543,2016-11-26 16:01
577,501,2016-11-26 16:28
577,22,2016-11-27 8:02
577,22,2016-11-27 8:32
577,23,2016-11-27 9:02
577,24,2016-11-27 9:32
577,35,2016-11-27 10:01
577,65,2016-11-27 10:32
577,98,2016-11-27 11:01
577,147,2016-11-27 11:31
577,177,2016-11-27 12:01
577,223,2016-11-27 12:32
577,259,2016-11-27 13:08
577,291,2016-11-27 13:32
577,304,2016-11-27 14:02
577,300,2016-11-27 14:31
577,292,2016-11-27 15:01
577,283,2016-11-27 15:32
577,240,2016-11-27 16:01
577,199,2016-11-27 16:32
577,20,2016-11-28 8:01
577,28,2016-11-28 8:32
577,33,2016-11-28 9:02
577,51,2016-11-28 9:28
577,82,2016-11-28 10:01
577,112,2016-11-28 10:32
577,147,2016-11-28 11:01
577,187,2016-11-28 11:32
577,205,2016-11-28 12:01
577,217,2016-11-28 12:28
577,224,2016-11-28 13:02
577,224,2016-11-28 13:31
577,209,2016-11-28 14:02
577,199,2016-11-28 14:32
577,171,2016-11-28 15:02
577,150,2016-11-28 15:41
577,131,2016-11-28 16:02
577,133,2016-11-28 16:28
577,20,2016-11-29 7:55
577,24,2016-11-29 8:28
577,38,2016-11-29 9:02
577,53,2016-11-29 9:28
577,90,2016-11-29 10:01
577,132,2016-11-29 10:28
577,165,2016-11-29 11:01
577,188,2016-11-29 11:28
577,192,2016-11-29 11:55
577,206,2016-11-29 12:28
577,208,2016-11-29 13:02
577,206,2016-11-29 13:28
577,180,2016-11-29 14:01
577,169,2016-11-29 14:28
577,152,2016-11-29 14:55
577,138,2016-11-29 15:28
577,128,2016-11-29 16:02
577,114,2016-11-29 16:28
577,17,2016-11-30 8:02
577,24,2016-11-30 8:28
577,35,2016-11-30 9:01
577,49,2016-11-30 9:28
577,81,2016-11-30 10:01
577,107,2016-11-30 10:28
577,134,2016-11-30 10:55
577,159,2016-11-30 11:28
577,182,2016-11-30 12:01
577,189,2016-11-30 12:28
577,204,2016-11-30 13:01
577,201,2016-11-30 13:28
577,196,2016-11-30 14:01
577,181,2016-11-30 14:28
577,154,2016-11-30 15:01
577,132,2016-11-30 15:28
577,114,2016-11-30 16:01
577,106,2016-11-30 16:28
577,22,2016-12-01 8:05
577,22,2016-12-01 8:25
577,31,2016-12-01 8:58
577,47,2016-12-01 9:25
577,94,2016-12-01 9:58
577,127,2016-12-01 10:25
577,153,2016-12-01 10:58
577,174,2016-12-01 11:32
577,196,2016-12-01 11:58
577,191,2016-12-01 12:25
577,207,2016-12-01 12:58
577,203,2016-12-01 13:25
577,190,2016-12-01 13:58
577,173,2016-12-01 14:25
577,168,2016-12-01 14:58
577,153,2016-12-01 15:25
577,123,2016-12-01 15:58
577,108,2016-12-01 16:25
577,18,2016-12-02 7:55
577,24,2016-12-02 8:28
577,40,2016-12-02 9:01
577,58,2016-12-02 9:28
577,91,2016-12-02 10:02
577,122,2016-12-02 10:28
577,155,2016-12-02 11:01
577,181,2016-12-02 11:28
577,197,2016-12-02 12:01
577,196,2016-12-02 12:28
577,200,2016-12-02 12:58
577,203,2016-12-02 13:25
577,196,2016-12-02 13:58
577,186,2016-12-02 14:25
577,175,2016-12-02 14:58
577,149,2016-12-02 15:31
577,131,2016-12-02 15:58
577,105,2016-12-02 16:32
577,11,2016-12-05 8:02
577,14,2016-12-05 8:29
577,26,2016-12-05 9:02
577,39,2016-12-05 9:29
577,63,2016-12-05 10:03
577,87,2016-12-05 10:29
577,113,2016-12-05 11:02
577,126,2016-12-05 11:29
577,148,2016-12-05 11:56
577,161,2016-12-05 12:29
577,172,2016-12-05 13:02
577,177,2016-12-05 13:29
577,170,2016-12-05 14:02
577,165,2016-12-05 14:29
577,149,2016-12-05 15:02
577,142,2016-12-05 15:29
577,106,2016-12-05 16:02
577,95,2016-12-05 16:29
577,11,2016-12-06 7:56
577,11,2016-12-06 8:29
577,22,2016-12-06 8:56
577,39,2016-12-06 9:29
577,83,2016-12-06 10:02
577,120,2016-12-06 10:29
577,194,2016-12-06 11:02
577,220,2016-12-06 11:29
577,226,2016-12-06 11:56
577,240,2016-12-06 12:29
577,238,2016-12-06 12:56
577,229,2016-12-06 13:29
577,208,2016-12-06 14:02
577,199,2016-12-06 14:29
577,178,2016-12-06 15:02
577,150,2016-12-06 15:29
577,128,2016-12-06 16:02
577,111,2016-12-06 16:29
577,11,2016-12-07 7:59
577,15,2016-12-07 8:26
577,20,2016-12-07 8:55
577,34,2016-12-07 9:26
577,68,2016-12-07 9:59
577,97,2016-12-07 10:26
577,136,2016-12-07 10:59
577,150,2016-12-07 11:25
577,177,2016-12-07 11:59
577,172,2016-12-07 12:26
577,178,2016-12-07 12:59
577,183,2016-12-07 13:26
577,174,2016-12-07 13:59
577,157,2016-12-07 14:26
577,137,2016-12-07 14:59
577,125,2016-12-07 15:32
577,115,2016-12-07 15:59
577,103,2016-12-07 16:32
577,14,2016-12-08 7:59
577,17,2016-12-08 8:26
577,26,2016-12-08 8:59
577,44,2016-12-08 9:26
577,82,2016-12-08 9:59
577,124,2016-12-08 10:32
577,159,2016-12-08 10:59
577,186,2016-12-08 11:32
577,209,2016-12-08 11:59
577,219,2016-12-08 12:25
577,223,2016-12-08 12:59
577,216,2016-12-08 13:25
577,215,2016-12-08 13:59
577,196,2016-12-08 14:26
577,169,2016-12-08 14:59
577,148,2016-12-08 15:26
577,138,2016-12-08 15:59
577,105,2016-12-08 16:32
577,12,2016-12-09 8:02
577,19,2016-12-09 8:29
577,27,2016-12-09 8:55
577,58,2016-12-09 9:29
577,89,2016-12-09 9:55
577,133,2016-12-09 10:29
577,161,2016-12-09 10:56
577,190,2016-12-09 11:29
577,205,2016-12-09 11:56
577,203,2016-12-09 12:29
577,210,2016-12-09 13:02
577,209,2016-12-09 13:29
577,217,2016-12-09 14:02
577,217,2016-12-09 14:29
577,200,2016-12-09 14:56
577,162,2016-12-09 15:29
577,157,2016-12-09 16:02
577,136,2016-12-09 16:29
577,7,2016-12-10 7:59
577,14,2016-12-10 8:29
577,45,2016-12-10 9:02
577,84,2016-12-10 9:29
577,124,2016-12-10 9:55
577,165,2016-12-10 10:29
577,201,2016-12-10 11:02
577,244,2016-12-10 11:29
577,294,2016-12-10 12:02
577,344,2016-12-10 12:29
577,383,2016-12-10 12:55
577,408,2016-12-10 13:29
577,455,2016-12-10 13:56
577,467,2016-12-10 14:25
577,476,2016-12-10 15:02
577,458,2016-12-10 15:25
577,453,2016-12-10 15:59
577,420,2016-12-10 16:25
577,3,2016-12-11 8:02
577,2,2016-12-11 8:25
577,3,2016-12-11 8:59
577,5,2016-12-11 9:26
577,11,2016-12-11 9:59
577,35,2016-12-11 10:25
577,82,2016-12-11 10:59
577,117,2016-12-11 11:26
577,162,2016-12-11 11:59
577,204,2016-12-11 12:32
577,257,2016-12-11 13:05
577,288,2016-12-11 13:26
577,314,2016-12-11 13:59
577,324,2016-12-11 14:32
577,325,2016-12-11 14:59
577,324,2016-12-11 15:25
577,285,2016-12-11 15:59
577,255,2016-12-11 16:25
577,7,2016-12-12 8:02
577,11,2016-12-12 8:29
577,23,2016-12-12 9:02
577,40,2016-12-12 9:29
577,75,2016-12-12 10:02
577,99,2016-12-12 10:29
577,142,2016-12-12 11:02
577,157,2016-12-12 11:29
577,157,2016-12-12 11:55
577,167,2016-12-12 12:29
577,181,2016-12-12 12:56
577,189,2016-12-12 13:29
577,184,2016-12-12 14:02
577,165,2016-12-12 14:29
577,159,2016-12-12 14:55
577,131,2016-12-12 15:29
577,115,2016-12-12 15:56
577,95,2016-12-12 16:29
577,14,2016-12-13 8:02
577,20,2016-12-13 8:29
577,33,2016-12-13 9:02
577,59,2016-12-13 9:29
577,91,2016-12-13 9:55
577,132,2016-12-13 10:29
577,175,2016-12-13 11:02
577,185,2016-12-13 11:29
577,209,2016-12-13 12:02
577,216,2016-12-13 12:29
577,227,2016-12-13 13:02
577,210,2016-12-13 13:55
577,181,2016-12-13 14:29
577,159,2016-12-13 14:56
577,129,2016-12-13 15:28
577,103,2016-12-13 16:02
577,88,2016-12-13 16:29
577,14,2016-12-14 8:03
577,18,2016-12-14 8:43
577,22,2016-12-14 9:03
577,42,2016-12-14 9:29
577,80,2016-12-14 10:02
577,103,2016-12-14 10:30
577,149,2016-12-14 11:30
577,170,2016-12-14 12:02
577,177,2016-12-14 12:30
577,200,2016-12-14 13:03
577,206,2016-12-14 13:29
577,198,2016-12-14 14:03
577,173,2016-12-14 14:30
577,161,2016-12-14 14:56
577,142,2016-12-14 15:30
577,145,2016-12-14 15:56
577,134,2016-12-14 16:30
577,14,2016-12-15 7:57
577,19,2016-12-15 8:30
577,31,2016-12-15 9:03
577,63,2016-12-15 9:30
577,100,2016-12-15 9:57
577,137,2016-12-15 10:30
577,169,2016-12-15 11:03
577,185,2016-12-15 11:26
577,215,2016-12-15 12:00
577,228,2016-12-15 12:26
577,219,2016-12-15 13:00
577,207,2016-12-15 13:26
577,203,2016-12-15 14:00
577,183,2016-12-15 14:26
577,164,2016-12-15 15:00
577,148,2016-12-15 15:26
577,140,2016-12-15 16:03
577,130,2016-12-15 16:30
577,11,2016-12-16 7:59
577,19,2016-12-16 8:30
577,35,2016-12-16 9:03
577,68,2016-12-16 9:30
577,104,2016-12-16 10:03
577,130,2016-12-16 10:29
577,153,2016-12-16 11:03
577,166,2016-12-16 11:30
577,176,2016-12-16 11:56
577,179,2016-12-16 12:30
577,172,2016-12-16 12:56
577,185,2016-12-16 13:30
577,182,2016-12-16 13:56
577,190,2016-12-16 14:30
577,187,2016-12-16 14:56
577,193,2016-12-16 15:30
577,168,2016-12-16 16:03
577,137,2016-12-16 16:30
577,17,2016-12-17 7:59
577,26,2016-12-17 8:26
577,51,2016-12-17 9:00
577,82,2016-12-17 9:26
577,129,2016-12-17 9:59
577,171,2016-12-17 10:33
577,215,2016-12-17 11:00
577,263,2016-12-17 11:33
577,304,2016-12-17 12:00
577,337,2016-12-17 12:26
577,353,2016-12-17 13:00
577,378,2016-12-17 13:27
577,417,2016-12-17 14:00
577,440,2016-12-17 14:30
577,443,2016-12-17 15:03
577,415,2016-12-17 15:30
577,379,2016-12-17 15:57
577,356,2016-12-17 16:30
577,4,2016-12-18 8:03
577,4,2016-12-18 8:30
577,6,2016-12-18 8:56
577,8,2016-12-18 9:30
577,18,2016-12-18 9:56
577,44,2016-12-18 10:30
577,89,2016-12-18 11:03
577,135,2016-12-18 11:30
577,165,2016-12-18 12:03
577,193,2016-12-18 12:30
577,215,2016-12-18 12:56
577,258,2016-12-18 13:30
577,309,2016-12-18 14:03
577,310,2016-12-18 14:30
577,303,2016-12-18 14:56
577,293,2016-12-18 15:30
577,247,2016-12-18 16:03
577,206,2016-12-18 16:30
577,11,2016-12-19 8:03
577,17,2016-12-19 8:30
577,24,2016-12-19 9:03
577,40,2016-12-19 9:30
577,57,2016-12-19 9:56
577,97,2016-12-19 10:30
577,134,2016-12-19 11:03
577,175,2016-12-19 11:30
577,216,2016-12-19 12:03
577,249,2016-12-19 12:30
577,277,2016-12-19 13:03
577,291,2016-12-19 13:30
577,305,2016-12-19 14:03
577,309,2016-12-19 14:30
577,300,2016-12-19 15:03
577,274,2016-12-19 15:29
577,230,2016-12-19 16:03
577,193,2016-12-19 16:30
